id,assertion,counterexample,target_api,authoritative_observation,aggregation,evidence_path,close_condition
INV-01,Every learner advances local optimizer boundaries without waiting on another learner quorum grace or syncer update,A peer barrier surrounds each learner optimizer step,Stage1CloseLearnerRole,per-learner step completion timestamps and absence of distributed or peer wait operations,each learner active interval and the prior registered half-speed isolation interval,runtime_runs/S1-13/formal-9n/analysis/protocol_gate.json,all eight independent learners produce finite contiguous steps while filesystem polling publication and adoption are boundary observers rather than peer barriers
INV-08,Mutable protocol state and discovery or update work remain bounded independently of outer-update history,Every publication is retained and every poll scans all historical proposals,PosixStorageBackend reclaim and cached fixed-slot discovery,periodic complete inventories of current records proposal slots physical payloads temp bytes queues and metadata reads,early middle and final windows of both formal runs plus the same-profile long capacity smoke,runtime_runs/S1-13/formal-long/analysis/protocol_gate.json,container counts and per-update fixed-slot metadata work stay within frozen constants with no history scan no final pending or in-flight work and no monotonic queue or orphan growth
PROG-02,Global cycle is exactly the minimum per-fragment outer-update count,A fastest fragment maximum or sum is reported as global progress,ProfileAProgressReport.global_cycle,complete ordered per-fragment outer-count vectors,all syncer publications and both final vectors,runtime_runs/S1-13/formal-9n/analysis/protocol_gate.json,every recorded global cycle equals an independent minimum and the gate reaches at least ten
TEL-01,Learner telemetry reports step latency throughput tokens snapshot transfer adoption queue lag and extra-step fields,Only aggregate runtime and mean loss are retained,Stage1CloseLearnerRole,structured safe-boundary publication and adoption events bound to learner role and common active interval,all retained loss events and every publication or adoption,runtime_runs/S1-13/formal-9n/analysis/protocol_gate.json,required learner metric keys are present finite or explicitly zero and totals reconcile to role summaries
TEL-02,Syncer telemetry reports discovery quorum selection weights payload bytes merge outer publication intervals and queue age,Only final versions are reported,Stage1CloseSyncerRole,structured per-update facts from readiness merge commit storage timers and completion timestamps,all updates through the first target-reaching update with scheduled inventory gaps classified separately,runtime_runs/S1-13/formal-long/analysis/runtime_gate.json,every update has normalized weights selected learner count byte accounting and latency decomposition aggregate counters reconcile the maximum unexpected progress-heartbeat gap is at most twice the median same-fragment update interval and no final pending stall remains
TEL-03,Storage telemetry reports live payload bytes fixed slots retained bases metadata operations orphan temp and reclaimed bytes,Disk usage alone is sampled without classifying protocol containers,Stage1StorageInventory,recursive classified filesystem inventory plus backend reclamation counters,bootstrap early middle and final snapshots,runtime_runs/S1-13/formal-long/analysis/protocol_gate.json,all mutable containers are classified and bounded and final orphan temp and queue counts meet the frozen limits
TEL-04,Algorithm telemetry reports finite token-weighted training loss fragment update norms evaluation snapshot vectors and comparison labels,Missing or nonfinite losses are ignored and final evaluation chases latest fragments,analyze_stage1_run,raw loss numerators target tokens sampled fragment norms and frozen evaluation manifests,warmup rolling-window initial and final robust aggregates plus every event validity check,runtime_runs/S1-13/formal-9n/analysis/loss_gate.json,all losses are finite model parameters change aggregate robust slope is negative final median is at most ninety-nine percent of initial and validation snapshots are immutable finite diagnostics
A-LEARN-01,The formal large-model role path preserves the already-proven no-peer-wait architecture,Formal learners initialize a process group or block local optimizer steps on quorum,Stage1CloseLearnerRole,static no-network audit runtime distributed flags and per-role local step traces,formal nine-node active interval plus S1-12 half-speed evidence,runtime_runs/S1-13/formal-9n/analysis/protocol_gate.json,no forbidden network data plane or peer-step barrier exists and all roles advance independently
A-PERF-01,Steady-state proposal merge publication and adoption transfer only target fragments rather than complete models,Each outer update repeatedly serializes or transfers every model parameter,analyze_stage1_run,per-fragment payload descriptors and exact proposal merge successor and adoption byte counters,all updates after bootstrap in both formal runs,runtime_runs/S1-13/formal-long/analysis/protocol_gate.json,every steady-state operation is fragment-scoped full-model operation count is zero and exact bytes reconcile
